categoria,total_ventas,promedio_precio,total_productos,calificacion_promedio
ALIMENTOS,11201.26,102.1375,20,3.06
ELECTRÓNICA,10545.44,100.2405,20,2.895
HOGAR,11465.49,98.6695,20,3.0949999999999998
JUGUETES,8768.99,91.2485,20,2.9650000000000003
ROPA,12168.52,102.08250000000001,20,2.815
